{
  "token_level": {
    "hal_precision": 0.623393252893376,
    "hal_recall": 0.5374444850162617,
    "hal_f1": 0.577237032915918
  },
  "span_level": {
    "span_precision": 0.6847058823529412,
    "span_recall": 0.7672579098753596,
    "span_f1": 0.7236351305527298,
    "total_pred_spans": 4675,
    "total_gold_spans": 4172,
    "total_correct_spans": 3201
  },
  "model_dir": "C:\\LKH\\winter_project\\token_hallucination\\token_hal_model_v1_restored",
  "test_samples": 2897
}